<?xml version="1.0" encoding="UTF-8"?>
<project-private xmlns="http://www.netbeans.org/ns/project-private/1">
    <editor-bookmarks xmlns="http://www.netbeans.org/ns/editor-bookmarks/2" lastBookmarkId="0"/>
    <open-files xmlns="http://www.netbeans.org/ns/projectui-open-files/2">
        <group>
            <file>file:/C:/Users/Demo/Documents/NetBeansProjects/ananya/ANANYA_SRIVASTAVA/src/ananya_srivastava/SEARCH_CUSTOMERS.java</file>
            <file>file:/C:/Users/Demo/Documents/NetBeansProjects/ananya/ANANYA_SRIVASTAVA/src/ananya_srivastava/SEARCH_USER_STATUS.java</file>
            <file>file:/C:/Users/Demo/Documents/NetBeansProjects/ananya/ANANYA_SRIVASTAVA/src/ananya_srivastava/ADD_CUSTOMERS.java</file>
            <file>file:/C:/Users/Demo/Documents/NetBeansProjects/ananya/ANANYA_SRIVASTAVA/src/ananya_srivastava/SEARCH_PC.java</file>
            <file>file:/C:/Users/Demo/Documents/NetBeansProjects/ananya/ANANYA_SRIVASTAVA/src/ananya_srivastava/ADD_PC.java</file>
            <file>file:/C:/Users/Demo/Documents/NetBeansProjects/ananya/ANANYA_SRIVASTAVA/src/ananya_srivastava/USER_STATUS.java</file>
            <file>file:/C:/Users/Demo/Documents/NetBeansProjects/ananya/ANANYA_SRIVASTAVA/src/ananya_srivastava/LOGOUT.java</file>
            <file>file:/C:/Users/Demo/Documents/NetBeansProjects/ananya/ANANYA_SRIVASTAVA/src/ananya_srivastava/UPDATE_USER_STATUS.java</file>
            <file>file:/C:/Users/Demo/Documents/NetBeansProjects/ananya/ANANYA_SRIVASTAVA/src/ananya_srivastava/UPDATE_PC.java</file>
            <file>file:/C:/Users/Demo/Documents/NetBeansProjects/ananya/ANANYA_SRIVASTAVA/src/ananya_srivastava/ADD_USER_STATUS.java</file>
            <file>file:/C:/Users/Demo/Documents/NetBeansProjects/ananya/ANANYA_SRIVASTAVA/src/ananya_srivastava/PC.java</file>
            <file>file:/C:/Users/Demo/Documents/NetBeansProjects/ananya/ANANYA_SRIVASTAVA/src/ananya_srivastava/LOGIN.java</file>
            <file>file:/C:/Users/Demo/Documents/NetBeansProjects/ananya/ANANYA_SRIVASTAVA/src/ananya_srivastava/UPDATE_CUSTOMERS.java</file>
        </group>
    </open-files>
</project-private>
